net,source,target,awg,note
PACK+,B1 PP30 +,F1 7.5A input,18,Fuse within 100mm of pack plug
FUSED+,F1 output,S1 MAIN input,18,
MAIN+,S1 output,S2 RUN input,18,
MAIN+,S1 output,F6 1A input,22,
LOGIC_IN,F6 output,U6 MPM3610 VIN,22,
RUN+,S2 output,F2 2A input,18,
BUCK1_IN,F2 output,P1 UBEC IN red,22,
BUCK1_IN,F2 output,CI1 220uF25V +,22,
GND,B1 PP30 -,P1 UBEC IN black,18,
GND,B1 PP30 -,P1 UBEC OUT black,18,
GND,B1 PP30 -,CI1 -,22,
RUN+,S2 output,F3 2A input,18,
BUCK2_IN,F3 output,P2 UBEC IN red,22,
BUCK2_IN,F3 output,CI2 220uF25V +,22,
GND,B1 PP30 -,P2 UBEC IN black,18,
GND,B1 PP30 -,P2 UBEC OUT black,18,
GND,B1 PP30 -,CI2 -,22,
RUN+,S2 output,F4 2A input,18,
BUCK3_IN,F4 output,P3 UBEC IN red,22,
BUCK3_IN,F4 output,CI3 220uF25V +,22,
GND,B1 PP30 -,P3 UBEC IN black,18,
GND,B1 PP30 -,P3 UBEC OUT black,18,
GND,B1 PP30 -,CI3 -,22,
RUN+,S2 output,F5 2A input,18,
BUCK4_IN,F5 output,P4 UBEC IN red,22,
BUCK4_IN,F5 output,CI4 220uF25V +,22,
GND,B1 PP30 -,P4 UBEC IN black,18,
GND,B1 PP30 -,P4 UBEC OUT black,18,
GND,B1 PP30 -,CI4 -,22,
5V_LEFT,P1 UBEC OUT red,D1 DRV8833 VMotor +,22,Never parallel regulator outputs
5V_LEFT,P1 UBEC OUT red,CO1 470uF10V +,22,
GND,B1 PP30 -,D1 GND,22,
GND,B1 PP30 -,CO1 -,22,
LEFT_FWD,U1 GPIO14,D1 AIN1,26,
LEFT_FWD,U1 GPIO14,D1 BIN1,26,
LEFT_FWD,U1 GPIO14,R_LEFT_FWD 10k pin1,26,
GND,B1 PP30 -,R_LEFT_FWD pin2,26,
LEFT_REV,U1 GPIO32,D1 AIN2,26,
LEFT_REV,U1 GPIO32,D1 BIN2,26,
LEFT_REV,U1 GPIO32,R_LEFT_REV 10k pin1,26,
GND,B1 PP30 -,R_LEFT_REV pin2,26,
ENABLE,U1 GPIO13,D1 SLP,26,
FAULT,U1 GPIO36 / A4,D1 FLT,26,
M1+ ,D1 AOUT1,M1 red,22,
M1- ,D1 AOUT2,M1 black,22,
M1+ ,M1 red,CM1 100nF pin1,26,Capacitor directly across motor tabs
M1- ,M1 black,CM1 pin2,26,
M2+ ,D1 BOUT1,M2 red,22,
M2- ,D1 BOUT2,M2 black,22,
M2+ ,M2 red,CM2 100nF pin1,26,Capacitor directly across motor tabs
M2- ,M2 black,CM2 pin2,26,
5V_RIGHT,P2 UBEC OUT red,D2 DRV8833 VMotor +,22,Never parallel regulator outputs
5V_RIGHT,P2 UBEC OUT red,CO2 470uF10V +,22,
GND,B1 PP30 -,D2 GND,22,
GND,B1 PP30 -,CO2 -,22,
RIGHT_FWD,U1 GPIO15,D2 AIN1,26,
RIGHT_FWD,U1 GPIO15,D2 BIN1,26,
RIGHT_FWD,U1 GPIO15,R_RIGHT_FWD 10k pin1,26,
GND,B1 PP30 -,R_RIGHT_FWD pin2,26,
RIGHT_REV,U1 GPIO33,D2 AIN2,26,
RIGHT_REV,U1 GPIO33,D2 BIN2,26,
RIGHT_REV,U1 GPIO33,R_RIGHT_REV 10k pin1,26,
GND,B1 PP30 -,R_RIGHT_REV pin2,26,
ENABLE,U1 GPIO13,D2 SLP,26,
FAULT,U1 GPIO36 / A4,D2 FLT,26,
M3+ ,D2 AOUT1,M3 red,22,
M3- ,D2 AOUT2,M3 black,22,
M3+ ,M3 red,CM3 100nF pin1,26,Capacitor directly across motor tabs
M3- ,M3 black,CM3 pin2,26,
M4+ ,D2 BOUT1,M4 red,22,
M4- ,D2 BOUT2,M4 black,22,
M4+ ,M4 red,CM4 100nF pin1,26,Capacitor directly across motor tabs
M4- ,M4 black,CM4 pin2,26,
5V_REAR,P3 UBEC OUT red,D3 DRV8833 VMotor +,22,Never parallel regulator outputs
5V_REAR,P3 UBEC OUT red,CO3 470uF10V +,22,
GND,B1 PP30 -,D3 GND,22,
GND,B1 PP30 -,CO3 -,22,
REAR_FWD,U1 GPIO27,D3 AIN1,26,
REAR_FWD,U1 GPIO27,D3 BIN1,26,
REAR_FWD,U1 GPIO27,R_REAR_FWD 10k pin1,26,
GND,B1 PP30 -,R_REAR_FWD pin2,26,
REAR_REV,U1 GPIO12,D3 AIN2,26,
REAR_REV,U1 GPIO12,D3 BIN2,26,
REAR_REV,U1 GPIO12,R_REAR_REV 10k pin1,26,
GND,B1 PP30 -,R_REAR_REV pin2,26,
ENABLE,U1 GPIO13,D3 SLP,26,
FAULT,U1 GPIO36 / A4,D3 FLT,26,
M5+ ,D3 AOUT1,M5 red,22,
M5- ,D3 AOUT2,M5 black,22,
M5+ ,M5 red,CM5 100nF pin1,26,Capacitor directly across motor tabs
M5- ,M5 black,CM5 pin2,26,
M6+ ,D3 BOUT1,M6 red,22,
M6- ,D3 BOUT2,M6 black,22,
M6+ ,M6 red,CM6 100nF pin1,26,Capacitor directly across motor tabs
M6- ,M6 black,CM6 pin2,26,
ENABLE,U1 GPIO13,R_ENABLE 10k pin1,26,
GND,B1 PP30 -,R_ENABLE pin2,26,
FAULT,U1 GPIO36 / A4,R_FAULT 10k pin1,26,
3V3,U1 3V,R_FAULT pin2,26,
5V_SERVO,P4 UBEC OUT red,SV1 steering red,22,
5V_SERVO,P4 UBEC OUT red,U7 AHCT125 pin14,26,
5V_SERVO,P4 UBEC OUT red,CS 1000uF10V +,22,
5V_SERVO,P4 UBEC OUT red,CB 100nF pin1,26,
5V_SERVO,P4 UBEC OUT red,R_POWER_TOP 10k pin1,26,
GND,B1 PP30 -,SV1 brown/black,22,
GND,B1 PP30 -,U7 pin7,26,
GND,B1 PP30 -,U7 pin1 / 1OE,26,
GND,B1 PP30 -,U7 pin4 / 2OE,26,
GND,B1 PP30 -,U7 pin10 / 3OE,26,
GND,B1 PP30 -,U7 pin12 / 4A,26,
GND,B1 PP30 -,CS -,26,
GND,B1 PP30 -,CB pin2,26,
GND,B1 PP30 -,R_POWER_BOTTOM 15k pin2,26,
5V_SERVO,P4 UBEC OUT red,U7 pin13 / 4OE,26,
STEER,U1 GPIO25,U7 pin2,26,
STEER,U1 GPIO25,R_STEER 10k pin1,26,
GND,B1 PP30 -,R_STEER pin2,26,
STEER_5V,U7 pin3,RS1 220ohm pin1,26,
STEER_SIG,RS1 pin2,SV1 signal,26,
RUN_SENSE,R_POWER_TOP pin2,U1 GPIO39 / A3,26,
RUN_SENSE,R_POWER_TOP pin2,R_POWER_BOTTOM pin1,26,
RUN_SENSE,R_POWER_TOP pin2,CP 100nF pin1,26,
GND,B1 PP30 -,CP pin2,26,
MAIN+,S1 output,R_PACK_TOP 100k pin1,26,
PACK_ADC,R_PACK_TOP pin2,U1 GPIO34 / A2,26,
PACK_ADC,R_PACK_TOP pin2,R_PACK_BOTTOM 22k pin1,26,
PACK_ADC,R_PACK_TOP pin2,CA 100nF pin1,26,
GND,B1 PP30 -,R_PACK_BOTTOM pin2,26,
GND,B1 PP30 -,CA pin2,26,
LOGIC_IN,F6 output,CI5 100uF25V +,22,
GND,B1 PP30 -,CI5 -,22,
GND,B1 PP30 -,U6 GND,22,
5V_LOGIC,U6 5V OUT,J_USB removable link input,22,
5V_LOGIC_USB,J_USB output,U1 USB pin,22,REMOVE LINK before plugging computer USB; BAT/JST remain empty
5V_LOGIC,U6 5V OUT,U8 MAX98357A VIN,22,
5V_LOGIC,U6 5V OUT,CO4 470uF10V +,22,
5V_LOGIC,U6 5V OUT,R_GAIN 100k pin1,22,
GND,B1 PP30 -,U1 GND,22,
GND,B1 PP30 -,U8 GND,22,
GND,B1 PP30 -,CO4 -,22,
I2S_BCLK,U1 GPIO18,U8 BCLK,26,
I2S_LRC,U1 GPIO19,U8 LRC,26,
I2S_DIN,U1 GPIO23,U8 DIN,26,
GAIN,R_GAIN pin2,U8 GAIN,26,
SPK+,U8 speaker +,SP1 +,22,
SPK-,U8 speaker -,SP1 -,22,Neither speaker wire connects to GND
RUN+,S2 output,F7 2A input,18,
HEAD_BUCK_IN,F7 output,P5 UBEC IN red,22,
HEAD_BUCK_IN,F7 output,CI6 220uF25V +,22,
GND,B1 PP30 -,P5 IN black,22,
GND,B1 PP30 -,P5 OUT black,22,
GND,B1 PP30 -,CI6 -,22,
GND,B1 PP30 -,CO5 -,22,
GND,B1 PP30 -,D4 GND,22,
GND,B1 PP30 -,D4 BIN1,22,
GND,B1 PP30 -,D4 BIN2,22,
5V_HEAD,P5 OUT red,D4 VMotor +,22,
5V_HEAD,P5 OUT red,CO5 470uF10V +,22,
ENABLE,U1 GPIO13,D4 SLP,26,
FAULT,U1 GPIO36 / A4,D4 FLT,26,
HEAD_FWD,U1 GPIO26,D4 AIN1,26,
HEAD_FWD,U1 GPIO26,R_HEAD_FWD 10k pin1,26,
GND,B1 PP30 -,R_HEAD_FWD pin2,26,
HEAD_REV,U1 GPIO17,D4 AIN2,26,
HEAD_REV,U1 GPIO17,R_HEAD_REV 10k pin1,26,
GND,B1 PP30 -,R_HEAD_REV pin2,26,
M7+,D4 AOUT1,M7 red,22,
M7+,M7 red,CM7 100nF pin1,26,
M7-,D4 AOUT2,M7 black,22,
M7-,M7 black,CM7 100nF pin2,26,
RUN+,S2 output,F8 2A input,18,
POST_BUCK_IN,F8 output,P6 S13V25F12 VIN,22,
POST_BUCK_IN,F8 output,CI7 220uF25V +,22,
12V_POST_RAW,P6 VOUT,U10 INA219 VIN+,22,
12V_POST,U10 VIN-,D5 DRV8871 VM,22,
12V_POST,U10 VIN-,CO6 470uF25V +,22,
GND,B1 PP30 -,P6 GND,22,
GND,B1 PP30 -,CI7 -,22,
GND,B1 PP30 -,CO6 -,22,
GND,B1 PP30 -,D5 GND,22,
GND,B1 PP30 -,U10 GND,26,
GND,B1 PP30 -,U9 ADS1115 GND,26,
GND,B1 PP30 -,U9 ADDR,26,
GND,B1 PP30 -,U10 A0,26,
GND,B1 PP30 -,U10 A1,26,
GND,B1 PP30 -,U9 AIN1,26,
GND,B1 PP30 -,U9 AIN2,26,
GND,B1 PP30 -,U9 AIN3,26,
POST_EXTEND,U1 GPIO4,U7 pin5,26,
POST_EXTEND,U1 GPIO4,R_POST_EXTEND 10k pin1,26,
GND,B1 PP30 -,R_POST_EXTEND pin2,26,
POST_EXTEND_5V,U7 pin6,LS_EXT COM,26,
POST_EXTEND_LIMITED,LS_EXT NC,D5 IN1,26,
POST_EXTEND_LIMITED,D5 IN1,R_LS_EXT 4.7k pin1,26,
GND,B1 PP30 -,R_LS_EXT pin2,26,
POST_RETRACT,U1 GPIO16,U7 pin9,26,
POST_RETRACT,U1 GPIO16,R_POST_RETRACT 10k pin1,26,
GND,B1 PP30 -,R_POST_RETRACT pin2,26,
POST_RETRACT_5V,U7 pin8,LS_RET COM,26,
POST_RETRACT_LIMITED,LS_RET NC,D5 IN2,26,
POST_RETRACT_LIMITED,D5 IN2,R_LS_RET 4.7k pin1,26,
GND,B1 PP30 -,R_LS_RET pin2,26,
POST_RED,D5 OUT1,ACT red / pin3,22,
POST_BLACK,D5 OUT2,ACT black / pin4,22,
POST_ILIM,D5 ILIM / IC pin4,D5 replacement R1 71.5k pin2,26,Remove factory30k first; replace through provided resistor pads
GND,B1 PP30 -,D5 replacement R1 pin1,26,
3V3,U1 3V,U9 VDD,26,
3V3,U1 3V,U10 VCC,26,
3V3,U1 3V,ACT yellow / pin5,26,
GND,B1 PP30 -,ACT orange / pin1,26,
POT_WIPER,ACT purple / pin2,R_POT 1k pin1,26,
POST_ADC,R_POT pin2,U9 AIN0,26,
POST_ADC,U9 AIN0,R_POT_FAIL 470k pin1,26,
GND,B1 PP30 -,R_POT_FAIL pin2,26,
POST_ADC,U9 AIN0,C_POT 100nF pin1,26,
GND,B1 PP30 -,C_POT pin2,26,
I2C_SDA,U1 GPIO21,U9 SDA,26,
I2C_SDA,U1 GPIO21,U10 SDA,26,
I2C_SCL,U1 GPIO22,U9 SCL,26,
I2C_SCL,U1 GPIO22,U10 SCL,26,
