id,candidate_id,source_group,source_provenance,source_page_url,original_image_url,width_px,height_px,downloaded_bytes_sha256,decoded_rgb_sha256,dhash_256,reviewed_on,review_method,visual_observation,design_implication
D001,1,restoration,Primary owner/restoration project photographs,https://www.thepropgallery.com/dalek-restoration,https://www.thepropgallery.com/media/wysiwyg/Dalek/TPG-original-dalek-restoration-1.png,803,1200,07f469dc2cf0e8c43f8959dfc7cd0b71d0d17190df9effea5088cd9c4a21ae0b,2009d139c743a797ae1461450ec0827cbe2d0c139c3e71c23831170b8eb62fda,f2d8e4dbe75acb182f642f2375a13d8066004a814e870e04c60c869c86b0d180,2026-09-12,Visual inspection of labeled contact sheet; official auction images also inspected individually at 1920 x 1080,Whole classic prop before restoration; blue hemispheres and a faceted low fender remain visible.,Keep hemisphere rows and a visually continuous lower bumper despite the custom circular footprint.
D002,2,restoration,Primary owner/restoration project photographs,https://www.thepropgallery.com/dalek-restoration,https://www.thepropgallery.com/media/wysiwyg/Dalek/TPG-original-dalek-restoration-2.png,803,1200,a11c247a67bebecea8b526ccb170056806096f764d78eaf1bbd681386d64e15a,96332b26ff0bbd6597223dbac6f62b0d9a9ce806feb0aca02dc818c48c82c789,ef78cd5acf1b871b9fdbb6db3e9920b802991299229d2bcd2fcd3e097c09fca9,2026-09-12,Visual inspection of labeled contact sheet; official auction images also inspected individually at 1920 x 1080,Rear cutaway exposes a broad hollow shoulder and separate skirt shell; appendage pivots stay inside.,Place actuator cases inside the shoulder and preserve vertical service access.
D003,3,restoration,Primary owner/restoration project photographs,https://www.thepropgallery.com/dalek-restoration,https://www.thepropgallery.com/media/wysiwyg/Dalek/TPG-original-dalek-restoration-3.png,1200,803,8d65c7f0a29eed80627157bdfab625f8bad1c0d0086781b6e432e08e2a42f76d,e5b696b57ae4f9fed409a7229c7ba5dd254c9e94ea033ff4e4d3f1384415a648,97ec97cc474d530913895bcc47db62de27866072270333537de337e23ce2aec4,2026-09-12,Visual inspection of labeled contact sheet; official auction images also inspected individually at 1920 x 1080,Three broad neck rings project beyond the dark mesh drum; thin vertical supports cross the gaps.,Use strong light-dark separation between rings and grille.
D004,4,restoration,Primary owner/restoration project photographs,https://www.thepropgallery.com/dalek-restoration,https://www.thepropgallery.com/media/wysiwyg/Dalek/TPG-original-dalek-restoration-4.png,1200,803,27d9aaba6b5bd1ef54318029f85d30edb609c4d1b57deb576b23ce7fa9412239,f3adc1995b51d9930372ed3e58fd3a5da689dafec649f54252571cd2eb9fd2d4,a5dae4d9f1997e1a6e3beab97e1eea1e5a8e6f0bda09ae8df311fa51fe19fea0,2026-09-12,Visual inspection of labeled contact sheet; official auction images also inspected individually at 1920 x 1080,The detached skirt has tapering panel faces and four vertically aligned hemisphere levels.,Continue ordered vertical bump columns through stack joints.
D005,5,restoration,Primary owner/restoration project photographs,https://www.thepropgallery.com/dalek-restoration,https://www.thepropgallery.com/media/wysiwyg/Dalek/TPG-original-dalek-restoration-5.png,1200,803,d2b3b387bf155ebd70381dc396e78c217169f649787710757b19b0ff2046554e,f5df4b79520e596691218192388cffea1a61ee678274411af4fd41e4f3e40ae5,fb16f062e372c85a0b5e2b5e4b5eadd62f5e471e5f065f065e067e067c047e04,2026-09-12,Visual inspection of labeled contact sheet; official auction images also inspected individually at 1920 x 1080,Inside the skirt the hemispheres form hollow cups rather than solid internal blocks.,"Hollow decorative bosses where manufacturing allows, to limit weight."
D006,6,restoration,Primary owner/restoration project photographs,https://www.thepropgallery.com/dalek-restoration,https://www.thepropgallery.com/media/wysiwyg/Dalek/TPG-original-dalek-restoration-6.png,1200,803,e5e559e85f94c21b5afc841746ab63426fee322f94488c20cff25fac9dbbc12c,0bcb942201b45acf9bb0f56bd9389930d18ffc1d54854f23d1d4e63fcefe648d,ed8c61c431e133e141e082f084f0c4f0c1f849f1c9b189b18bb10b318f2097ab,2026-09-12,Visual inspection of labeled contact sheet; official auction images also inspected individually at 1920 x 1080,Underside of the shoulder shows a hollow tapered shell and a substantial lower locating edge.,Keep visible shell thin and place structural joint material inside.
D007,7,restoration,Primary owner/restoration project photographs,https://www.thepropgallery.com/dalek-restoration,https://www.thepropgallery.com/media/wysiwyg/Dalek/TPG-original-dalek-restoration-7.png,1200,803,dbdcd3fc0ac5c8abacdb88b923c7dec241a0c60568ec1b523a34c307bc5a4c21,0544fc1dc911de9a11f94da4fb02c749ac1d69cfbf324e2f04dda6b3a530ce54,dc7cc09ca1ac83ac835ca52ccdaccb8d215d6d8c799ec14ecd8c898c9a448f8c,2026-09-12,Visual inspection of labeled contact sheet; official auction images also inspected individually at 1920 x 1080,Removed rear skirt section has four rows of hemispheres above an outward-projecting dark fender.,Maintain a bumper ledge below the lowest bump row.
D008,8,restoration,Primary owner/restoration project photographs,https://www.thepropgallery.com/dalek-restoration,https://www.thepropgallery.com/media/wysiwyg/Dalek/TPG-original-dalek-restoration-8.png,1200,803,9a45a14080522de798674449f91dbd02c88687713890fdcb61367740e28501e9,ea76bae433f81805d27ebc04095feb82e3e5e5df219d0d21a6338eee7a390de9,478c623c2f7c2e742ecc292ca96a9e9a192a6b72ce92c829c96bced39cf3a473,2026-09-12,Visual inspection of labeled contact sheet; official auction images also inspected individually at 1920 x 1080,"Rear view of the removed skirt shows hemisphere cavities, a perimeter shell and local reinforcement.",Use localized reinforcement instead of filling every decorative feature solid.
D009,9,restoration,Primary owner/restoration project photographs,https://www.thepropgallery.com/dalek-restoration,https://www.thepropgallery.com/media/wysiwyg/Dalek/TPG-original-dalek-restoration-9.png,1200,803,e148fbc69016378acb78bbc169ff0a2aed354488ce995c4d355d9dfe816a0c7c,7e957c4afac02a69169e7d570d259ebd1d04c5970db6c2e933f9a8b7b497606f,9f469f2e9f2c7f24ff387f386f116e197db86e387e652e4e3e573c976ebe7ff8,2026-09-12,Visual inspection of labeled contact sheet; official auction images also inspected individually at 1920 x 1080,The detached shoulder rear is plain and curved with a thick dark lower band.,Keep the rear display within a restrained framed opening.
D010,10,restoration,Primary owner/restoration project photographs,https://www.thepropgallery.com/dalek-restoration,https://www.thepropgallery.com/media/wysiwyg/Dalek/TPG-original-dalek-restoration-10.png,1200,803,087be813529df4df9f2528686608f18f1c21f23aa95e7894adf572d5c83fbda2,3edf878388c550f354f66f8980d33c3e070a06cf968bf5c9dbd0c0e7e5228ebf,93460b865f66d01ec193c993499348c3c883c103c303c7339c2f93e63c381b00,2026-09-12,Visual inspection of labeled contact sheet; official auction images also inspected individually at 1920 x 1080,"Inside the shoulder rear, a local wood block and metal bracket support fittings.",Hide component mounts behind the external body surface.
D011,11,restoration,Primary owner/restoration project photographs,https://www.thepropgallery.com/dalek-restoration,https://www.thepropgallery.com/media/wysiwyg/Dalek/TPG-original-dalek-restoration-11.png,1200,803,e3541defe880bd0fe1ccc1e0f52c7ae4e6a8ee23f59623ecfc31864894aa2bca,39c1c668af355ef91e61808869480b9517c0ccca6018096830bc601aae39bc1b,cb03c30f061d0e030e031e031e435c037c0d7c0d7c0d38033803180f18073827,2026-09-12,Visual inspection of labeled contact sheet; official auction images also inspected individually at 1920 x 1080,A repaired vertical shoulder seam interrupts an otherwise continuous curved surface.,Align assembly seams with deliberate trim lines.
D012,12,restoration,Primary owner/restoration project photographs,https://www.thepropgallery.com/dalek-restoration,https://www.thepropgallery.com/media/wysiwyg/Dalek/TPG-original-dalek-restoration-12.png,1200,803,3adabccc0a3a76c2c9ac21a2a66d5703638ee8fdaba290bc175f8aca0f064056,c507084e2aa8d388761596a47131d162c1670b8c25773d6d012da8f62d58ed95,7a66716c60f86d982f9c67984596678c62cee6c6b0c60f4e470c670c30193e00,2026-09-12,Visual inspection of labeled contact sheet; official auction images also inspected individually at 1920 x 1080,The restored shoulder perimeter reads as one continuous tapered band.,Prioritize a smooth external circumference over exposed brackets.
D013,13,restoration,Primary owner/restoration project photographs,https://www.thepropgallery.com/dalek-restoration,https://www.thepropgallery.com/media/wysiwyg/Dalek/TPG-original-dalek-restoration-13.png,1200,803,fb0a8472ff68174e6953393a8d57a06a453e4ff5111ef45f81cc77cf5c42ce68,d7c864e2b3b4eb98d32ad1f9e253c7ded3674cb8a7f9ff3e1f5464e1b1dfb2fc,f716df06fe00ec40e860f1b0f130e930e232613621e6a3c6efc3d9c19dc03ec1,2026-09-12,Visual inspection of labeled contact sheet; official auction images also inspected individually at 1920 x 1080,Arm tube emerges from a large ball inside a raised square socket box.,Use a round or spherical visible joint with actuators behind it.
D014,14,restoration,Primary owner/restoration project photographs,https://www.thepropgallery.com/dalek-restoration,https://www.thepropgallery.com/media/wysiwyg/Dalek/TPG-original-dalek-restoration-16.png,1200,803,016a1ca0876e78c4b0c3c307e7f7d1532566935c0a9364630df21bec3d858440,0907b211956ab963a34ae3b59b7b42667e5882cc0ebc1348f5c77bcc748de8ca,47eec30e136643668366a3c09c1899d811b853985398e3b8b3ecb1cc9e18d638,2026-09-12,Visual inspection of labeled contact sheet; official auction images also inspected individually at 1920 x 1080,"An open neck cylinder shows mesh, thin posts and a circular top support ring.",Separate grille appearance from the internal head-support structure.
D015,15,restoration,Primary owner/restoration project photographs,https://www.thepropgallery.com/dalek-restoration,https://www.thepropgallery.com/media/wysiwyg/Dalek/TPG-original-dalek-restoration-14.png,1200,803,e40a3964f104cb5a3ca24ea15766cfe0a1918cb52880ee5b7bfe72d399e9a668,f3ebde865c615063fa7d1f1e6b2010612c9dbda732a386fc33708368f3a8b236,fb99fad9f27173e8dc48cd59e4703ccc5e18ba793b08f234d0e4988c99823bb2,2026-09-12,Visual inspection of labeled contact sheet; official auction images also inspected individually at 1920 x 1080,Restored neck rings share a common axis and project beyond the mesh drum.,Keep all neck rings concentric with the rotating head.
D016,16,restoration,Primary owner/restoration project photographs,https://www.thepropgallery.com/dalek-restoration,https://www.thepropgallery.com/media/wysiwyg/Dalek/TPG-original-dalek-restoration-15.png,1200,803,cdc28270ef79c3e197d066ce305bb4877bf72d9ef6c322d52a1da58d835af826,3f7715eabc1f45f9a041c668f7fec98f768ee8cc4643027af04f3e0bf98e12b0,79435989793279107b70f2f06099c8cc888f8ccd88cc8c8cc0fdc3397c417c81,2026-09-12,Visual inspection of labeled contact sheet; official auction images also inspected individually at 1920 x 1080,Small rollers sit on the neck top ring beneath the removable dome; a handle projects inward.,Hide head-drive hardware below the dome and retain a distinct bearing load path.
D017,17,restoration,Primary owner/restoration project photographs,https://www.thepropgallery.com/dalek-restoration,https://www.thepropgallery.com/media/wysiwyg/Dalek/TPG-original-dalek-restoration-17.png,1200,803,3a85cf9759c454665cfc414cfbd2f04e13da3daa6f2fe40f9f4ee76388d61e0f,97af0146ea8d7791f5134a21a985b67cc26867b442693c81a24c1d3c5c7ec8c9,63306338ec2fd91393c3b980a9101f893fcdcba9e1db707b39693c393618135a,2026-09-12,Visual inspection of labeled contact sheet; official auction images also inspected individually at 1920 x 1080,Detached dome is a shallow shell with a wide open underside and a rear repair gap.,Keep the dome removable for access to the hidden drive.
D018,18,restoration,Primary owner/restoration project photographs,https://www.thepropgallery.com/dalek-restoration,https://www.thepropgallery.com/media/wysiwyg/Dalek/TPG-original-dalek-restoration-18.png,1200,803,14749501589ab4c8c71b1f10cdbbbf0b09e5dabdce32c63f3b526a891bd84975,1e34e619221857af9d61eda205202f1d3eb2d9399b333e491105124dc0dde5fd,c6729cca8d8ac3f0e771e5f0f3e1f2c2f640fe45fe23feb0bd909f9d8f4796c6,2026-09-12,Visual inspection of labeled contact sheet; official auction images also inspected individually at 1920 x 1080,A new curved panel is fitted to the rear dome edge to complete its contour.,Keep the dome silhouette smooth across service features.
D019,19,restoration,Primary owner/restoration project photographs,https://www.thepropgallery.com/dalek-restoration,https://www.thepropgallery.com/media/wysiwyg/Dalek/TPG-original-dalek-restoration-19.png,1200,803,b6348955146c931b9fde65dc1364d0345bdbb3b9d84ae3493e92e4c6a93082fe,f2c33b5e232e96e89de9ea7304f0a2b8990753ff8b11b7d8c9fb9cdb23989066,de98ede31de32fe12fc00f88c784c385600160433c42fc22f039e419f030f870,2026-09-12,Visual inspection of labeled contact sheet; official auction images also inspected individually at 1920 x 1080,The completed bare dome has a broad curved crown and a short near-vertical lower lip.,Avoid making the head a plain flat-topped cylinder.
D020,20,restoration,Primary owner/restoration project photographs,https://www.thepropgallery.com/dalek-restoration,https://www.thepropgallery.com/media/wysiwyg/Dalek/TPG-original-dalek-restoration-20.png,1200,803,e03ac34a8f0d10a76aa0e4698a063b7eccba219b13012ccd9392b7f6011d0ea3,4fa8dab3ec39a5ee35344e2ba0681c282dd5fa0289fdfb2c5123a3ff97bdc96c,f806f806f00cf00ee487863134c8b184ef826e826386c784974d93c39067d00f,2026-09-12,Visual inspection of labeled contact sheet; official auction images also inspected individually at 1920 x 1080,Dome underside exposes a circular wooden ring with the eye housing supported internally.,Keep the visible eyestalk support separate from concealed drive parts.
D021,21,restoration,Primary owner/restoration project photographs,https://www.thepropgallery.com/dalek-restoration,https://www.thepropgallery.com/media/wysiwyg/Dalek/TPG-original-dalek-restoration-21.png,1200,803,a6ad7529555e14bd562c459fc3baff9483cfa01b8c40a91cfbeddc5f8ece688d,8600e0755c2966a964fb084b9a0770783172b21ce5cd6cefe90b85e6a147096b,b7d6b7cc374c364c295c680c4b0dcb2d89b9c9a1c2cbc649e20086e1cde089e0,2026-09-12,Visual inspection of labeled contact sheet; official auction images also inspected individually at 1920 x 1080,A technician holds the dome separately from the neck; a bronze reference prop stands behind.,Provide a defined sequence to lift the head without disturbing body joints.
D022,22,restoration,Primary owner/restoration project photographs,https://www.thepropgallery.com/dalek-restoration,https://www.thepropgallery.com/media/wysiwyg/Dalek/TPG-original-dalek-restoration-22.png,1200,803,4388239ac0a665f0048b85650b7c2973bffc87dac420eba47dbeb7ddc7f85201,a1b59193389027b15d14d1e9a828ae8cd0b61f2c4650a282f7c61d4f4ce5f36e,51b2b3b3b2c3b3c8ed18f938f9b8f138f878e89cf88cf8acf82ca86af86a1cde,2026-09-12,Visual inspection of labeled contact sheet; official auction images also inspected individually at 1920 x 1080,A detached open skirt is handled as one large shell on a trolley.,Preserve complete vertically stacked body rings for assembly.
D023,23,restoration,Primary owner/restoration project photographs,https://www.thepropgallery.com/dalek-restoration,https://www.thepropgallery.com/media/wysiwyg/Dalek/TPG-original-dalek-restoration-23.png,803,1200,dc9af3e82f5547819307c1a38b0f032930212b8e65b1927051756b95252ed98b,d4ef88a381d44c2048c5a5f04b888466d86e4e059d778948e59b3c359c68aa07,f758ffd865c0cec8da686f68df64ff23dfa7fb3fdfbff3bf1cb7e1d9e57c6af8,2026-09-12,Visual inspection of labeled contact sheet; official auction images also inspected individually at 1920 x 1080,"Inside the skirt, deep circular boss cavities follow the same four-row pattern as the outside.",Use consistent boss geometry across all rows.
D024,24,restoration,Primary owner/restoration project photographs,https://www.thepropgallery.com/dalek-restoration,https://www.thepropgallery.com/media/wysiwyg/Dalek/TPG-original-dalek-restoration-24.png,803,1200,2b2c5625e651de11e7101fa8ab40fed8c757f61c64368e7f69e5b76d5d4747ce,714c6cf2402aa53759d34d90cf72ebc63e8c691a54b87be440c647f4cebaf990,2620e320ec60cc64991d19898f08051b9e6cda6dce49c2cc964e823fc2ffe1c0,2026-09-12,Visual inspection of labeled contact sheet; official auction images also inspected individually at 1920 x 1080,The rear skirt section carries a continuous dark fender along its lower edge.,Continue the dark bumper band around the round revision.
D025,25,restoration,Primary owner/restoration project photographs,https://www.thepropgallery.com/dalek-restoration,https://www.thepropgallery.com/media/wysiwyg/Dalek/TPG-original-dalek-restoration-25.png,803,1200,ab8979bbe4f3d3bbdc3739e3c0f5d2966dc2a07742e43ccad01600d679c63af4,edbe1129c13f576b5f4fe127fc909676218b4651d8bf9812d7a07c759692f956,b030f630fd12fe0ef01ee0bb21e263e3a2d09af2922c86190e079edc079c058c,2026-09-12,Visual inspection of labeled contact sheet; official auction images also inspected individually at 1920 x 1080,Clamps hold the skirt seam while the restorer works through the open top.,Keep bolt and clamp access available before upper sections are fitted.
D026,26,restoration,Primary owner/restoration project photographs,https://www.thepropgallery.com/dalek-restoration,https://www.thepropgallery.com/media/wysiwyg/Dalek/TPG-original-dalek-restoration-26.png,803,1200,45b9115c6eb00aee745e4ef3c736ddf8b10dc2f837529c62d545d7436b099e47,6d146e8c9079150269d931860227c827b5a232466f9f7c2d1f73787822d4eb01,1836f83368603e3098307c385ea0fab8f6a8f4a7f99cd2f8dfd0cfc0afc0bfe2,2026-09-12,Visual inspection of labeled contact sheet; official auction images also inspected individually at 1920 x 1080,The skirt joint is reinforced from inside while the exterior boss pattern stays intact.,Put structural reinforcement behind the decorative surface.
D027,27,restoration,Primary owner/restoration project photographs,https://www.thepropgallery.com/dalek-restoration,https://www.thepropgallery.com/media/wysiwyg/Dalek/TPG-original-dalek-restoration-27.png,803,1200,ab421c6fd631d86264a65a7784e8e6126a73fe05d3dd896af95dc0f56cd076ef,38a2d755a8b089b243a6f018661d85d0a8b0f4b0e0220ac54975e2b22057b948,78d37c335c137c02bc06bc1cada84d9c24b4559414b5349514911487c47cd0f8,2026-09-12,Visual inspection of labeled contact sheet; official auction images also inspected individually at 1920 x 1080,Rejoined body halves show how mismatched paint emphasizes seams across shoulders and skirt.,Match finish across stack pieces and use deliberate seam trim.
D028,28,restoration,Primary owner/restoration project photographs,https://www.thepropgallery.com/dalek-restoration,https://www.thepropgallery.com/media/wysiwyg/Dalek/TPG-original-dalek-restoration-28.png,803,1200,88a803d1119900d70bb2e03383554686f2cfb645f2619b27593badae4c851e1e,a4574594f37c8e161d73dbbcde86376d5990ca3e2346165464a43d91eb5d53de,e1f865d87e1dfa2de78df70c178d16dd365794de12c6164e024e124f0646906f,2026-09-12,Visual inspection of labeled contact sheet; official auction images also inspected individually at 1920 x 1080,Arm tube and plunger project cleanly from ball sockets with no exposed operating mechanism.,"Remove visible servo cases, wires and horns from the exterior."
D029,29,restoration,Primary owner/restoration project photographs,https://www.thepropgallery.com/dalek-restoration,https://www.thepropgallery.com/media/wysiwyg/Dalek/TPG-original-dalek-restoration-29.png,1200,803,4455917f9c507f6fd84e7a1850a7a6e0c9423a0c53409e6ad5c5ad1719a549e6,adbe9f5ca89921064230a6f5bc7deedc3ee7b8b7f32c8df19d6d6f6a42d15b72,61f060dcefc00fc04fc06ec2cdc2c6c1f7c26ecc3fc10d412de11e6386ce91dd,2026-09-12,Visual inspection of labeled contact sheet; official auction images also inspected individually at 1920 x 1080,The shoulder joint crosses both curved wall and dark lower band.,Place repeatable locating features at each vertical stack interface.
D030,30,restoration,Primary owner/restoration project photographs,https://www.thepropgallery.com/dalek-restoration,https://www.thepropgallery.com/media/wysiwyg/Dalek/TPG-original-dalek-restoration-30.png,1200,803,9702b90eaeb6fd8389693e0ad9582848f257b94a699b9bade2aba7d5400ee09b,ccf9121bb6cef4b06af69f0649a468173217928e941551447566ce1fc6765148,bb00fb0033007200e238d8b99999a9daa97bd9f190f1b4643e084f00df04ff00,2026-09-12,Visual inspection of labeled contact sheet; official auction images also inspected individually at 1920 x 1080,"A temporary oval viewing hole lies between the arm sockets, distinct from their pivots.",Keep the front between sockets visually clean; retain the control screen at the rear.
D031,31,restoration,Primary owner/restoration project photographs,https://www.thepropgallery.com/dalek-restoration,https://www.thepropgallery.com/media/wysiwyg/Dalek/TPG-original-dalek-restoration-31.png,1200,803,6ffd9ada13cfe7b70d2106d173cb59a4729ffdd7658e65d28c24633dbeba548d,0566f62ca60a03e7d4f7d8985e90453705084ab47a99a37a38b19b272a384adb,9e86df90fc80ab89a989eb89fb43f5017593a2e0fec67664126c927cee60ef62,2026-09-12,Visual inspection of labeled contact sheet; official auction images also inspected individually at 1920 x 1080,The oval hole is covered while both socket balls and slim arm stems remain exposed.,A shoulder face can hide mechanisms without hiding the intended appendages.
D032,32,restoration,Primary owner/restoration project photographs,https://www.thepropgallery.com/dalek-restoration,https://www.thepropgallery.com/media/wysiwyg/Dalek/TPG-original-dalek-restoration-32.png,1200,803,871ad85c441d174fedb073d42c0143a1cab96d27f42a0e55e7fa89974f091bfa,69e06af1ae3d097bdfdb1796eaee3238da7aa55703e8f90b3f101be215e7e784,3c0b3c0b390a3d06380438083d003d0838c826c83ce02d612d212c92199509c5,2026-09-12,Visual inspection of labeled contact sheet; official auction images also inspected individually at 1920 x 1080,The gun cage is fabricated from slender rods around a central tube.,Give the printed emitter open cage detail with robust scaled rods.
D033,33,restoration,Primary owner/restoration project photographs,https://www.thepropgallery.com/dalek-restoration,https://www.thepropgallery.com/media/wysiwyg/Dalek/TPG-original-dalek-restoration-33.png,1200,803,8a6407b6a54cebcec0f6b3327d919a0822da4910dfb00b56f14aa1ce248ed3e5,8dc996265a0e7c5edc396eb1cc95ad1287b70ff49b3a2b020a3ed8ced08c6e16,93701360134612c606ca1fca27067f14f87570e5e183c7c1c748e446f44ae64a,2026-09-12,Visual inspection of labeled contact sheet; official auction images also inspected individually at 1920 x 1080,Completed emitter rods converge toward the muzzle while its root remains a round pivot.,Use a clear open-cage silhouette and a compact socket joint.
D034,34,restoration,Primary owner/restoration project photographs,https://www.thepropgallery.com/dalek-restoration,https://www.thepropgallery.com/media/wysiwyg/Dalek/TPG-original-dalek-restoration-34.png,1200,803,f78521d97fad72e189e6ac7952916f30539c86b7b9b6c23245a9dab9e2c9212e,7a26b7cf78c820a1c3d1a43b795803ea48bff965b8d432422bc5274bf110431e,122192618a428c8789068a2ec85ac87d603be03be036e424e64c6610ee00ca00,2026-09-12,Visual inspection of labeled contact sheet; official auction images also inspected individually at 1920 x 1080,Close muzzle view shows an open central tube surrounded by bent cage rods.,Preserve an open muzzle impression instead of a solid blunt cylinder.
D035,35,restoration,Primary owner/restoration project photographs,https://www.thepropgallery.com/dalek-restoration,https://www.thepropgallery.com/media/wysiwyg/Dalek/TPG-original-dalek-restoration-35.png,1200,803,21817d4f5fec0cf412a2740e0bf3fb020c6db8155fc3e51c555518bfafecc4d8,2ea9e2cb3f1105ebe232a936b758d37366fb24cc998f5a8994336e269c2ac45a,f3b2fe9b7013e07f403d403e405c441e481e4e1f6c1fd00382032403007f41f8,2026-09-12,Visual inspection of labeled contact sheet; official auction images also inspected individually at 1920 x 1080,Painted shoulder shell has a smooth tapered wall above a broad dark lower band.,Use large quiet surfaces to make raised details legible.
D036,36,restoration,Primary owner/restoration project photographs,https://www.thepropgallery.com/dalek-restoration,https://www.thepropgallery.com/media/wysiwyg/Dalek/TPG-original-dalek-restoration-36.png,1200,803,ac0367d23e08ae9c1255247205c9a1e687e0e8d71a41039282613d65e7c5611d,6b22f7de5466b799675bd4017ae783f3d60a2aa71f5eecc990033363dbd87b5b,7e09e0f980fa10fb10fde1fca1fe20fa237de57de57f478f0b9f4a7f4a5f047e,2026-09-12,Visual inspection of labeled contact sheet; official auction images also inspected individually at 1920 x 1080,Rear shoulder paint meets an older dark band with visible surface wear.,Apply restrained finish variation without adding bulky geometry.
D037,37,restoration,Primary owner/restoration project photographs,https://www.thepropgallery.com/dalek-restoration,https://www.thepropgallery.com/media/wysiwyg/Dalek/TPG-original-dalek-restoration-37.png,1200,803,a9aa7983116dd4a8c7ab9a05379ea0ffcc79366e3cf39ccf620647f7a726c617,51ef1ca10fd7feb4e4bfb7a517b61bf7c3c30e2db33b0f1e279953f2b0dbea4a,8c00ac40ec60ec4ce903e300c650e6426040e341e20203800180498088f00438,2026-09-12,Visual inspection of labeled contact sheet; official auction images also inspected individually at 1920 x 1080,A raised socket box projects from the shoulder; the arm pivots through its circular opening.,Size the external socket surround to cover the motion aperture.
D038,38,restoration,Primary owner/restoration project photographs,https://www.thepropgallery.com/dalek-restoration,https://www.thepropgallery.com/media/wysiwyg/Dalek/TPG-original-dalek-restoration-38.png,1200,803,729897b69b3c6126fe908afe914e2a71f6f697f80f5a6c8646dff04c89a93cc4,a7fc17a977a3919a13178691c3a733bf2895eae2522b02553e66c1f120d5f4ea,67f202f2e6f6828f993919383b3973393239e279fc1b5db305fdc09f9a59e714,2026-09-12,Visual inspection of labeled contact sheet; official auction images also inspected individually at 1920 x 1080,Classic and newer shoulder shells sit side by side; both hide their operating hardware.,Conceal motors independent of the chosen Dalek-era detailing.
D039,39,restoration,Primary owner/restoration project photographs,https://www.thepropgallery.com/dalek-restoration,https://www.thepropgallery.com/media/wysiwyg/Dalek/TPG-original-dalek-restoration-39.png,1200,803,44811b6f6c34c2eba73977f65fff9783d02722ff61483429555eac2f2881dd1e,ed575eb07b2b1a3be60028d97d68c7cba7799730544e943ae0f26e6efc8aabee,33f5c3f7c3fdc0fd40fc48fc44d6d096c8fc3f829686809ee1fb9e83969ec0bd,2026-09-12,Visual inspection of labeled contact sheet; official auction images also inspected individually at 1920 x 1080,Neck rings and thin upright posts are clearly separate from the recessed mesh.,Model or paint the grille darker than the projecting rings.
D040,40,restoration,Primary owner/restoration project photographs,https://www.thepropgallery.com/dalek-restoration,https://www.thepropgallery.com/media/wysiwyg/Dalek/TPG-original-dalek-restoration-40.png,1200,803,979b09ab17e1f1dfafb6708e35c2eeef0cf994ea2cd7aee6531a393f76267d8e,7fe227af9cdd099b4e89c02f9fffac6fe7f5f9abf5f09cf9cd04f4221b92d784,8194458df1f0f0f097909e105c70d934321c224dcca7929336513f615d231d13,2026-09-12,Visual inspection of labeled contact sheet; official auction images also inspected individually at 1920 x 1080,A detached neck drum is painted from all sides before final assembly.,Finish recessed areas before the neck and head are stacked.
D041,41,restoration,Primary owner/restoration project photographs,https://www.thepropgallery.com/dalek-restoration,https://www.thepropgallery.com/media/wysiwyg/Dalek/TPG-original-dalek-restoration-41.png,803,1200,962ed6b1451c8706cd2bfa19a8b36437d8943a1890f0a3019a9fb402ccbc0dd5,4bdec4aba9d83de1c8214e8c2c6c71dab10c273cbb997c4cbcdc6e917829f6ab,66ee536651e6017d214d73fa33a9473c0a3e22a626868e9686860c8684860c8c,2026-09-12,Visual inspection of labeled contact sheet; official auction images also inspected individually at 1920 x 1080,The almost-complete classic silhouette remains recognizable before shoulder slats are fitted.,"Preserve dome, ringed neck, taper, bumps and arm proportions first."
D042,42,restoration,Primary owner/restoration project photographs,https://www.thepropgallery.com/dalek-restoration,https://www.thepropgallery.com/media/wysiwyg/Dalek/TPG-original-dalek-restoration-42.png,803,1200,455717be991b04497b063e5cb0bd5b5bbccc36d91b82a27190ca2889aafbad5a,cf91340c3e77cdad28745e97b8fe395c9a5d9733d5beb75daa7cb0a89c34f745,e57ea7e57cf378fe50fc41fc07f6439e23bae75395438743074347460246c244,2026-09-12,Visual inspection of labeled contact sheet; official auction images also inspected individually at 1920 x 1080,Front three-quarter view shows separate socket boxes over a continuous shoulder belt.,Integrate socket surrounds into the shoulder body.
D043,43,restoration,Primary owner/restoration project photographs,https://www.thepropgallery.com/dalek-restoration,https://www.thepropgallery.com/media/wysiwyg/Dalek/TPG-original-dalek-restoration-43.png,803,1200,4d2f952cb11911b545d36b6539bdc57c56f4e417864a077e06d1cb1b37ad0e13,df2ff663b827cd5d8a37359e29f25c7f7588baed6794c922f6ee4a4ee15538fe,ccdd649d3279387f3c7d3cfc38d6699a79fb194309435b431b433a432647c026,2026-09-12,Visual inspection of labeled contact sheet; official auction images also inspected individually at 1920 x 1080,Eyestalk discs form a clear series of rings between dome and eye lens.,Add distinct concentric eyestalk detail within the print envelope.
D044,44,restoration,Primary owner/restoration project photographs,https://www.thepropgallery.com/dalek-restoration,https://www.thepropgallery.com/media/wysiwyg/Dalek/TPG-original-dalek-restoration-44.png,803,1200,b5c4769b2e9ceea13cf0e49f1a9f9346d44ea1b1fe07fc36eebcaff3745be09e,560a56580c25cd7e43c55c8b15485330b718349ba71844691f152a81a010369e,56986e5ac572cd6c5fe01fe35d4964f136d936d656da5e6b5a6e5b67167f007e,2026-09-12,Visual inspection of labeled contact sheet; official auction images also inspected individually at 1920 x 1080,Side view shows the arm stem extending from a compact socket rather than an external arm motor.,Keep arm-drive bulk behind the shoulder outline.
D045,45,restoration,Primary owner/restoration project photographs,https://www.thepropgallery.com/dalek-restoration,https://www.thepropgallery.com/media/wysiwyg/Dalek/TPG-original-dalek-restoration-46.png,1200,803,7136d05b6de0a43985917439eb723ae2acf1cc08376f279f2c86f18b5d985019,bdbd4d802a08c1c684dd43f0849c5400739c7c3db55ab396148d6377b6ed7041,8e0e8c3ac4627a427a626c216331e33363c36b967307361d45b965d34c864d99,2026-09-12,Visual inspection of labeled contact sheet; official auction images also inspected individually at 1920 x 1080,Thin shoulder slats sit in front of bright mesh; the slat lengths follow the body contour.,Use the bronze variant's deeper recessed slats while preserving the vertical rhythm.
D046,46,restoration,Primary owner/restoration project photographs,https://www.thepropgallery.com/dalek-restoration,https://www.thepropgallery.com/media/wysiwyg/Dalek/TPG-original-dalek-restoration-45.png,1200,803,733182b27b060d412cba5589ff066856648258327cf326a927b294cfeda5b4b1,0ab8a5913d75de9df9d5bf2815c560d30c8f93923ee4e92c0bdfd8cb0630d342,c27ac46ec0e6e0c9f0c9f1d8d9bc69f4198227e21526858e21dc499c1cec70ec,2026-09-12,Visual inspection of labeled contact sheet; official auction images also inspected individually at 1920 x 1080,"The restorer fits shoulder slats around the full perimeter, including the side.",Continue detail around the robot instead of only across the front.
D047,47,restoration,Primary owner/restoration project photographs,https://www.thepropgallery.com/dalek-restoration,https://www.thepropgallery.com/media/wysiwyg/Dalek/TPG-original-dalek-restoration-47.png,803,1200,c8c29df0ef5a65c4dc3925fcc942e977cc136ed5b81e714831049a5849868259,f536944c72284918a0599bd29f26e902138050e8c7656f6b3ff3740005a54433,6323c36ac8ccc0aee46ef086b60735632223d2a3a4a3e4a3e5a18d27c53fe0f9,2026-09-12,Visual inspection of labeled contact sheet; official auction images also inspected individually at 1920 x 1080,"Finished front three-quarter view combines dark balls, vertical shoulder slats and ringed neck.","Use a consistent hierarchy of large silhouette, bands and repeated details."
D048,48,restoration,Primary owner/restoration project photographs,https://www.thepropgallery.com/dalek-restoration,https://www.thepropgallery.com/media/wysiwyg/Dalek/TPG-original-dalek-restoration-48.png,803,1200,09b4f1f2de992f2eb7415f7a94450776c5d2bb44f18d770eb75f5fb0e6deec9e,6a1b19fa7e749dcc8a679edf27a6d4aff8a0ba75be0209f2a23e8b0338e1f451,d1989f991edc96dc9ff01ae032dc21e83bce395c2d5c2d6e2dae2dbe2dfe1ff8,2026-09-12,Visual inspection of labeled contact sheet; official auction images also inspected individually at 1920 x 1080,Finished side view shows four skirt-bump levels and a gently extended front fender.,Retain vertical rows while adapting the fender to a circular plan.
D049,49,restoration,Primary owner/restoration project photographs,https://www.thepropgallery.com/dalek-restoration,https://www.thepropgallery.com/media/wysiwyg/Dalek/TPG-original-dalek-restoration-49.png,803,1200,144826a1eefc07995167bb187c50e5a978fc536a5c6cb2dd95715f32731e67b2,9a2bcf6e028df5c72a38fe57240b47c4501bb7e5ae1aa39c4e98b9dee7225282,2202704270d04cb0cbaa59a219d079e0b0e0b1d193e111a135a534a13427ca0f,2026-09-12,Visual inspection of labeled contact sheet; official auction images also inspected individually at 1920 x 1080,Finished prop beside a person shows the large base supporting a narrower upper body.,Keep the robot visually bottom-heavy and its battery low.
D050,50,restoration,Primary owner/restoration project photographs,https://www.thepropgallery.com/dalek-restoration,https://www.thepropgallery.com/media/wysiwyg/Dalek/TPG-original-dalek-restoration-50.png,803,1200,1e65cae047a4e20a12341c54e4e16cb0cd8ac3ce641f0404d71c9aad28e6e5d8,4bc7099751943afac0fdb119def60ddc58d4a62631fd9566d79c1f6d113d3185,3f971e2700bf209b1b4e8f26962787878ad79ed79ad79ad386d30497868ec1fc,2026-09-12,Visual inspection of labeled contact sheet; official auction images also inspected individually at 1920 x 1080,Low front view shows a continuous black bumper beneath the decorated skirt.,Make the circular bumper continuous in all exterior views.
D051,51,bronze-history,Specialist historical archive; photograph rights and original photographer vary,https://www.dalek6388.co.uk/the-new-series-series-one/,https://www.dalek6388.co.uk/wp-content/uploads/2015/04/on-set-of-dalek.jpg,630,335,72cdb5633d3cf5ab636ae42fb8ef6bff8c4ac71b8dc534d1ff5625c94a420859,71d8b705d4d80064d0f9dabf62da7fd57309e392902349cfdef75ca93e25244c,c9c8c388c589cd51c55bc89bcc9ecf9ecb988f988fb88fb88698c6b8c738c738,2026-09-12,Visual inspection of labeled contact sheet; official auction images also inspected individually at 1920 x 1080,"Bronze prop with its writer shows gold shoulder slats, pale eye discs and dark socket balls.","Use contrasting bronze body, gold trim, pale discs and dark pivots."
D052,52,bronze-history,Specialist historical archive; photograph rights and original photographer vary,https://www.dalek6388.co.uk/the-new-series-series-one/,https://www.dalek6388.co.uk/wp-content/uploads/2015/04/e9755428ac1280479933ad2d86f385886cf57e4f.jpg,512,288,a98b0ab40f29bf0965dd28eae57223b5b50e7908d20cf762a2a1a9b87973ddac,f291f4b17e13341f82319e27e1928dce6ab062043e7b8b98ebfaa5009841c3e8,f6e3be573a8de2a0c4e0b1f5b1963186315721176d13e30ff3176b17632f670d,2026-09-12,Visual inspection of labeled contact sheet; official auction images also inspected individually at 1920 x 1080,Workshop bronze prop has a central rectangular chest panel and slats of several lengths.,Add a central panel and alternate slat lengths where body geometry permits.
D053,54,bronze-history,Specialist historical archive; photograph rights and original photographer vary,https://www.dalek6388.co.uk/the-new-series-series-one/,https://www.dalek6388.co.uk/wp-content/uploads/2015/04/doctor-who-dalek-3.jpg,1280,850,48b598e80a31f67d77ebb57cf666283fab52d319b40f8519a4c44abf5c4bea87,a5271079aefd8d4e820260fe26bade8f479b0483d23a7485d6ab5a73ce89821c,bbdc57d867ec636c636453465306538631ce21ce11b673a6638661c629961ad6,2026-09-12,Visual inspection of labeled contact sheet; official auction images also inspected individually at 1920 x 1080,"The bronze prop beside its maker shows thick neck rings, recessed grille and a raised eye cowl.",Give the cowl and neck rings stronger relief than fine surface grooves.
D054,55,bronze-history,Specialist historical archive; photograph rights and original photographer vary,https://www.dalek6388.co.uk/the-new-series-series-one/,https://www.dalek6388.co.uk/wp-content/uploads/2015/04/large.gallery_377_18_40879.jpg.acff0377c125c872046d58e435585d7e.jpg,472,424,a6588810d07ac0436aee51b331d60ad4b7180185d853d56653dbc00b5ed75d81,543a6c936db6b20aed9046da2829f49760a9ab9e40818f12b469be251f5bfdd3,349830e138e3f0e3d063f063b17790b7cec76cf2347a6632671366ab671b660d,2026-09-12,Visual inspection of labeled contact sheet; official auction images also inspected individually at 1920 x 1080,An unfinished skirt has four hemisphere rows and a large open top.,Keep the bump pattern uniform across lower and upper skirt prints.
D055,56,bronze-history,Specialist historical archive; photograph rights and original photographer vary,https://www.dalek6388.co.uk/the-new-series-series-one/,https://www.dalek6388.co.uk/wp-content/uploads/2015/04/unpainted.jpg,800,677,d8612f47f4402762a90c1415e4203cdd42fd90b25f6e71b625dca792b5b21943,a7d59ce7031e58f88197dce7835cc4965db8aab9271761cbdb0a64806da164b8,fe03fe83fcc3e600e60496008640c300c308c5c18620f8005101798175a1f8e4,2026-09-12,Visual inspection of labeled contact sheet; official auction images also inspected individually at 1920 x 1080,Unpainted bronze-style upper body shows deep recessed shoulder slats over a classic skirt.,Create actual slat relief rather than relying only on paint lines.
D056,57,bronze-history,Specialist historical archive; photograph rights and original photographer vary,https://www.dalek6388.co.uk/the-new-series-series-one/,https://www.dalek6388.co.uk/wp-content/uploads/2015/04/large.gallery_377_18_29585.jpg.d85a4b9d555af3a31577b54337be76f3.jpg,431,700,2937ae2b5c64d3d4438c3392130dacf0c8a91f7eced59ab573bcdf6293aeb996,4f37e2b3f88c00cd345f262bc80dea086743a3344c4154018730b9284219d291,0a521ad09a4b3e46378c379833c32f816ac19bc10aca2aee5ae21be783f6a0ed,2026-09-12,Visual inspection of labeled contact sheet; official auction images also inspected individually at 1920 x 1080,Nearly complete bronze prop uses dark rings around the gold skirt hemispheres.,Add shallow annular bezels at each hemisphere root.
D057,58,bronze-history,Specialist historical archive; photograph rights and original photographer vary,https://www.dalek6388.co.uk/the-new-series-series-one/,https://www.dalek6388.co.uk/wp-content/uploads/2015/04/e733ccdb9836ca3f0a54b81de2a375c4.jpg,736,1106,ccdbe242f042f8db4c624d950a6885417cdc89e631fdea89ff490997ce2f7d20,fbea821a89fc2e509da3d983617b631f453127c0eecb36931d41220b51154313,16feba5aec9c688c5884598c589438cc38cc78c0dcc08ccc9bc543651164db44,2026-09-12,Visual inspection of labeled contact sheet; official auction images also inspected individually at 1920 x 1080,"Full bronze prop shows angled clear dome lamps, a layered fender and dark hemisphere rims.",Preserve the lamp angle and broad low bumper hierarchy.
D058,59,bronze-history,Specialist historical archive; photograph rights and original photographer vary,https://www.dalek6388.co.uk/the-new-series-series-one/,https://www.dalek6388.co.uk/wp-content/uploads/2015/04/vlcsnap-57999-2.jpg,692,359,e75625169f09cd62f3217b6a425d816cc362d876dbf6e6d72019c6d08fea6b93,067c5a8a639d74873738654282e5def83c43f02f97241f3fa817aeea84e6a221,c6e0a6f7c6f4e57470542cd4a6f4b36cb8e8b833b78599c57787758fd38b13d7,2026-09-12,Visual inspection of labeled contact sheet; official auction images also inspected individually at 1920 x 1080,"Close appendage view shows silver cage rods, a dark pivot ball and slats with two round fasteners.",Hide actuators and use small molded bolt-head details around visible panels.
D059,61,bronze-history,Specialist historical archive; photograph rights and original photographer vary,https://www.dalek6388.co.uk/the-new-series-series-one/,https://www.dalek6388.co.uk/wp-content/uploads/2015/04/large.gallery_377_18_5174.jpg.84e0094989b885d757791ec8aababb4f.jpg,665,1000,725e433eaf95e1ad377b6a0fb7550af98c4ee27da1c619ecdd0c13f2e4fcd31f,003c0a86b63a4574ea020bd37fe38ae0db839de92fb0b9b721ef2773ab776aca,f39fb1f4b1a7712d5c9cf48dfc0f7c4b7c437c677c63fc67bc67d627b6733cf9,2026-09-12,Visual inspection of labeled contact sheet; official auction images also inspected individually at 1920 x 1080,A technician lifts the bronze dome above the neck while the full shell remains assembled.,Provide head removal access without external drive hardware.
D060,62,bronze-history,Specialist historical archive; photograph rights and original photographer vary,https://www.dalek6388.co.uk/the-new-series-series-one/,https://www.dalek6388.co.uk/wp-content/uploads/2015/04/d9-8f-104.jpg,500,286,274a41385badce29b309616b246926e34accacaf6442b94c0da070627fa43369,22fd73bada34a8ed688d6b18be9408643aac615d41b3e84ad6743222fef6f800,21e855f857d85fd84da82ee45e761b34fa3476747ce970f1fd517c78dc38df30,2026-09-12,Visual inspection of labeled contact sheet; official auction images also inspected individually at 1920 x 1080,Opened bronze shell exposes complex workings that disappear when the casing closes.,Treat visible mechanisms as cutaway-only assembly content.
D061,63,bronze-history,Specialist historical archive; photograph rights and original photographer vary,https://www.dalek6388.co.uk/the-new-series-series-one/,https://www.dalek6388.co.uk/wp-content/uploads/2015/04/Catherine_tate_series2_1.jpg,400,450,a0d02f4525c7fd52bf8bf83fa57090f7c08714dc7af0f863f88eadc4d66c44cc,e23c5a4bdefde68250a70362036c36435979f2219060d8f1b4548fae4d30f02d,4dc94d89de09ef053e01de01f6207e407e105c025c02dd42fd09f91c989b90ff,2026-09-12,Visual inspection of labeled contact sheet; official auction images also inspected individually at 1920 x 1080,Bronze prop at floor level shows the fender protruding beyond the skirt and repeated gold bumps.,Keep the circular fender wider than the lowest skirt wall.
D062,64,bronze-history,Specialist historical archive; photograph rights and original photographer vary,https://www.dalek6388.co.uk/the-new-series-series-one/,https://www.dalek6388.co.uk/wp-content/uploads/2015/04/parting-ways-1.png,800,548,20d6cac05de8c35355d1ee7f6cde1d8ba296206c9ea702a688110a2f92465fa2,6ff1ebe222dc12eb348beb7cb30e3069e9521a83503908e2f28b4c6a22b646c3,6f194f292749266e662606460642869386d586c58763b7239723870303038303,2026-09-12,Visual inspection of labeled contact sheet; official auction images also inspected individually at 1920 x 1080,Several bronze Daleks on set retain the same shoulder slat and ringed-neck pattern.,Keep the selected detail language consistent across the whole robot.
D063,66,bronze-history,Specialist historical archive; photograph rights and original photographer vary,https://www.dalek6388.co.uk/the-new-series-series-one/,https://www.dalek6388.co.uk/wp-content/uploads/2015/04/MT1.jpg,894,878,ef7776d5b5c92aa1f5d077fe36e743e0827eb7a2d25d8f07dae5a7bbb9ff2216,8a9bce215bdf13e8425ac687f1ae1fa6a664d9b5b5fbf38ff341f2738cc0245f,34e43cc83cc82de039f1393159317971396179406d5451147e307a305b204704,2026-09-12,Visual inspection of labeled contact sheet; official auction images also inspected individually at 1920 x 1080,"Close bronze front three-quarter view shows cowl grooves, nameplate recess and four-screw chest panel.",Add shallow head grooves and restrained panel detail.
D064,67,bronze-history,Specialist historical archive; photograph rights and original photographer vary,https://www.dalek6388.co.uk/the-new-series-series-one/,https://www.dalek6388.co.uk/wp-content/uploads/2015/04/NSD2.jpg,626,632,9e49d5512dd62e4cc606568413dce9862147d6b834f184e1cceffb19d29d1102,27cb6b606bd233cc1d6ab6b69951a03c324d515090160a7b7bdec6229509dfb8,9e1c9dc9dcc1dcccd8cc58cc58c458c533c53b602304c5e4c59386ce10647c65,2026-09-12,Visual inspection of labeled contact sheet; official auction images also inspected individually at 1920 x 1080,Another bronze prop has the same ball sockets but different wear streaks and cowl marking.,Do not turn prop-specific wear or identifiers into structural requirements.
D065,68,bronze-history,Specialist historical archive; photograph rights and original photographer vary,https://www.dalek6388.co.uk/the-new-series-series-one/,https://www.dalek6388.co.uk/wp-content/uploads/2015/04/NSD3.jpg,722,694,bed8e5b06f03a1064d78267d0f73213bcd3fbc396994961daa619bf954d27842,8cd62b56a13d5b533807adfd13144fc8baf95d700f941e8c35902ec75cb2b7a1,39193d91b985bfedbb2dbb2dbb2d3b2d99c59d456944e9348e36fb06f30ee38e,2026-09-12,Visual inspection of labeled contact sheet; official auction images also inspected individually at 1920 x 1080,"Bronze close-up shows the black pupil, pale eye discs and raised square socket trim.",Make the eyestalk and socket trims distinct in the finished paint scheme.
D066,69,bronze-history,Specialist historical archive; photograph rights and original photographer vary,https://www.dalek6388.co.uk/the-new-series-series-one/,https://www.dalek6388.co.uk/wp-content/uploads/2015/04/claw2.jpg,630,335,009bb432ef29d47c9ac2e1931f4fe4f4ef07a966bb81e756693b3d6fe64817f7,257a60001aa23e3dc7a30b548153c58ba169639e286cbdf668620c8c3eca6a62,6c446d842cc02cc33de64620c630d630f6509e409b209fe093c2a3d6c5d3c433,2026-09-12,Visual inspection of labeled contact sheet; official auction images also inspected individually at 1920 x 1080,A separate alternate claw attaches at the end of a smooth cylindrical arm stem.,Retain a clean arm stem; extra end tooling is not needed for the requested plunger.
D067,70,bronze-history,Specialist historical archive; photograph rights and original photographer vary,https://www.dalek6388.co.uk/the-new-series-series-one/,https://www.dalek6388.co.uk/wp-content/uploads/2015/04/d9-8n-069.jpg,700,431,d08c199ca0d5a247f3012771663e9a551dd6b8c2656ff1f0b36488fab87b9310,7d5450836e282715d024d629e1ff89d5bbfcfc5bfe6dfd502af64d0d727c86f8,2c06bc379416b43aa48894689b3a9b5a3868acc4ae48ee08ce0ace28ee20ec22,2026-09-12,Visual inspection of labeled contact sheet; official auction images also inspected individually at 1920 x 1080,Operator sits inside the bronze shoulder with the head removed and reaches the internal controls.,Use shoulder volume for hidden motion equipment and provide internal access.
D068,71,bronze-history,Specialist historical archive; photograph rights and original photographer vary,https://www.dalek6388.co.uk/the-new-series-series-one/,https://www.dalek6388.co.uk/wp-content/uploads/2015/04/2.jpg,1024,576,2d83a036c5009bfc3f5ee07d7af302757d5be3007ada200c8d3b425fea423be6,e7f244f4665a5bd7fc4b5b017886a9538c3836fabb95d49b9c4ae94a2d9b7e72,e0c0e0a0f024f8e0f0c8e24092509610a64ee2c681c09990b092b4903292b085,2026-09-12,Visual inspection of labeled contact sheet; official auction images also inspected individually at 1920 x 1080,"Detached bronze dome has a long manual handle inside, invisible from outside when assembled.",A hidden head drive is consistent with the visual design; its motor type is a project choice.
D069,72,bronze-history,Specialist historical archive; photograph rights and original photographer vary,https://www.dalek6388.co.uk/the-new-series-series-one/,https://www.dalek6388.co.uk/wp-content/uploads/2015/04/d9-8n-070.jpg,466,700,a19b44cc99abd2a7dffc5c074be49750a0df0cb5e2aa39d942e5d2d96e6f0344,814a4fe16dea298de092cc43a68df1b3337f7621e4674c56da0d669085e7f940,98a389e3c9e308691d875caf589a7817f4933403ec5bec48ec4de82d6815b935,2026-09-12,Visual inspection of labeled contact sheet; official auction images also inspected individually at 1920 x 1080,Opened bronze front casing exposes internals above a conventional decorated skirt.,Assembly cutaways must close fully before the operation demonstration.
D070,76,bronze-history,Specialist historical archive; photograph rights and original photographer vary,https://www.dalek6388.co.uk/the-new-series-series-one/,https://www.dalek6388.co.uk/wp-content/uploads/2015/04/NSD3-Design-a-monster-Blue-Peter-17-8-2005-5.png,978,554,285bd1c7fd317469298a12b13f6cbf00bfea661131d5593add307ddb2ed8304d,ef2e2cde9966819f455dd56c36d87d3356ce2fba937ec88f01007aa17f19ebee,c8c6985686b1cdb1651b65536e276c8d6ccf6d4f6d476e51ec916d1564250501,2026-09-12,Visual inspection of labeled contact sheet; official auction images also inspected individually at 1920 x 1080,Bronze prop on a studio set has short front slats and much longer side slats.,Match slat lengths to the available shoulder surface.
D071,77,bronze-history,Specialist historical archive; photograph rights and original photographer vary,https://www.dalek6388.co.uk/the-new-series-series-one/,https://www.dalek6388.co.uk/wp-content/uploads/2015/04/IMG_6135b.jpg,912,1348,d2e0f18319fda584f21b898427aa9aeb285f2c55aa8e8a3050c22b867a17d5de,c8ebcdc41c499eaa668884e68f71fc12ce8aa597d5e312d737b7c10963ef32fe,a3521d5999d4137753d21bc4434ee3db82d342c302cc8bcb9be601c3c2f67e48,2026-09-12,Visual inspection of labeled contact sheet; official auction images also inspected individually at 1920 x 1080,"Exhibition bronze prop shows four clear hemisphere rows, dark rims and a low black bumper.",Use regular bump spacing and a subdued bumper finish.
D072,78,bronze-history,Specialist historical archive; photograph rights and original photographer vary,https://www.dalek6388.co.uk/the-new-series-series-one/,https://www.dalek6388.co.uk/wp-content/uploads/2015/04/Dec-2005b.jpg,736,1192,f478b97e53a55d6d583fbdde8161b31268f371eb81c7979372ba2801078be175,fa991de79d6455da813a267cc543258cc2cc9439567d2830a0625520a0386633,99c39133963716331611b4708b300f0c264427084f0e8b2e0b8f2b2f1f9b87c7,2026-09-12,Visual inspection of labeled contact sheet; official auction images also inspected individually at 1920 x 1080,A different exhibition bronze prop has weathered gold trim and silver appendage tubes.,Use finish variation sparingly while keeping silver stems separate from bronze body.
D073,79,bronze-history,Specialist historical archive; photograph rights and original photographer vary,https://www.dalek6388.co.uk/the-new-series-series-one/,https://www.dalek6388.co.uk/wp-content/uploads/2015/04/Cardiff-2006.jpg,1536,2048,3ca716f73778659a47c6616878cee28b45ce0ea49c5470f49b0741de99da6dc5,8e3fe30409acaa48f20d8d80229cf5c0a68b824228196395aeef4d8da99d12d7,22001aa03883320d321dea0dd88f37016e017fa0ee203e303f282fb4878ce02e,2026-09-12,Visual inspection of labeled contact sheet; official auction images also inspected individually at 1920 x 1080,Damaged open display prop exposes skirt rings and internal hardware behind the removed casing.,Avoid copying damage holes into the closed operating model.
D074,80,official,BBC Studios official image,https://www.doctorwho.tv/characters/daleks,https://cms.doctorwho.tv//sites/default/files/2022-03/Daleks%20-%20446x666.jpg,446,666,43dc0b0f060aa973b1152034b966e3b155033437557088f866b006718382eea5,4aed0f817c5c7d73375ba1859fc8e46f9cff9d7976b62bdb0da1cec249ba828c,bc0499a49b628b71c2304c33c079e53c87bc86bec61e83df8bbf85ff02ee2677,2026-09-12,Visual inspection of labeled contact sheet; official auction images also inspected individually at 1920 x 1080,Official low-angle bronze portrait shows a tall eye cowl above concentric neck rings.,Use the eye cowl as a principal head feature.
D075,81,official,BBC Studios official image,https://www.doctorwho.tv/characters/daleks,https://cms.doctorwho.tv//sites/default/files/2022-03/Daleks%20-%20446x666_0.jpg,446,666,53a0d058a7b07e607c31b6b162923ddfda691e3cebf049c4a2094081ce1ddfdb,a17251c44029f77b0b22e34a4d91843ad5c2f49feb94e1fe3f15d599530903fd,63d8c4cdcbcfe2c7f2cff2cf74836dc1e569d789df41df53de911e90de91f684,2026-09-12,Visual inspection of labeled contact sheet; official auction images also inspected individually at 1920 x 1080,"Official early Dalek image has a simple dome, small lamps and a largely plain shoulder.","Keep early-series details as comparison, not the main bronze finish target."
D076,82,official,BBC Studios official image,https://www.doctorwho.tv/characters/daleks,https://cms.doctorwho.tv//sites/default/files/2022-03/Dalek%20Invasion%20of%20Earth%20-%20446x666.jpg,446,666,fca2466c5383fce1da6ec7be5e626a16097bf46dadf4f86e342476f406b94ee0,d0ddff60cf3f69f9c141f2e2cebc48d3503002eaa67a01c4d092392358ce3834,0000230011e090f86379611c698b7981b308be007e837e83fe86ee805e816680,2026-09-12,Visual inspection of labeled contact sheet; official auction images also inspected individually at 1920 x 1080,"Official invasion-era image shows a narrow eye stalk, large round lens and broad neck-ring projection.",Preserve the separation between eye stalk and lens head.
D077,91,official,BBC Studios official image,https://www.doctorwho.tv/characters/daleks,https://cms.doctorwho.tv//sites/default/files/2022-03/Death%20-%20446x666.jpg,446,666,3781b08f6a61f1b15f27b63aeae4aaaaf45a6ffa0123331fb7c308d9f00f274a,89307663d073db0680ef8f944488bfc7aa02254f44f27c8f65a2bbd4fdd80630,7878f4179e14f81ce64ce2e882484e460e040e1d8e8b1ea735a525b3a4034ee6,2026-09-12,Visual inspection of labeled contact sheet; official auction images also inspected individually at 1920 x 1080,Official silver-and-black Dalek image shows vertical slats and regular dark skirt hemispheres.,Keep the repeated pattern legible even under strong lighting.
D078,98,official,BBC Studios official image,https://www.doctorwho.tv/characters/daleks,https://cms.doctorwho.tv//sites/default/files/2022-03/Dalek%20-%20446x666.jpg,446,666,e9c50eed6a51fd24aa5916eef860cb0720d4c6e9f9a4dc41ae13b6de68803e0c,9ae131adb5d44f28381bde1a9945eaea66cf80b4d7476a8b55356feecd29a057,e00ee066f860f809f805d81dd095d497b806fc6adc69786978617881f003f001,2026-09-12,Visual inspection of labeled contact sheet; official auction images also inspected individually at 1920 x 1080,"Official bronze close-up shows two-bolt slats, dark grille bands and symmetric socket surrounds.",Use recessed panel faces and round fastener cues in the shoulder.
D079,99,official,BBC Studios official image,https://www.doctorwho.tv/characters/daleks,https://cms.doctorwho.tv//sites/default/files/2022-03/Bad%20Wold%20-%20446x666.jpg,446,666,4b0457186504dc17a1af4b5de5a37b5da441fb49ebdab49c95fef212163bc4d7,f173dffd3ec2e5917c359e9731207fcdf13b69f331fb74be2915ae6b8144d753,4cafe4e730c9716671637161e14160e9e48de06d814dd269d154c174d0a8c1aa,2026-09-12,Visual inspection of labeled contact sheet; official auction images also inspected individually at 1920 x 1080,Official bronze three-quarter view shows a faceted skirt and raised black rings around each gold boss.,Treat circular skirt/base shape as a custom adaptation of this pattern.
D080,101,official,BBC Studios official image,https://www.doctorwho.tv/characters/daleks,https://cms.doctorwho.tv//sites/default/files/2022-03/Doomsday%20-%20446x666.jpg,446,666,a53a801cc90853ca5df8e435321c4e12f621be42d690329e4633db5d8ab12bc3,5e00704fcc8db2dee5726ae5b1dbc2115e1228a9e954810c82159e4640f60ed7,de00ed10fca09e0c9d4c9d8e9dce3986db14f310693c5b345f061f066c487c42,2026-09-12,Visual inspection of labeled contact sheet; official auction images also inspected individually at 1920 x 1080,Official near-front bronze image shows separate round pivot balls within ornate square plates.,Cover the full arm-motion opening with socket geometry.
D081,108,official,BBC Studios official image,https://www.doctorwho.tv/characters/daleks,https://cms.doctorwho.tv//sites/default/files/2022-03/Victory%20-%20446x666.jpg,446,666,e93a8951339fe315e8e92af9cab4828bf8a88ee9643ca1c18686a4353a399c21,273275362317c6d97106aa04f54eaa14b985793b5fb5ddad033dae4e8b065347,6d6a68ba38bb603be05d485cc09e61bb641b0d19482e706f298f392f390b392f,2026-09-12,Visual inspection of labeled contact sheet; official auction images also inspected individually at 1920 x 1080,"Official green military variant retains the same cowl, neck rings, sockets and bump layout.",Color changes do not substitute for the characteristic geometry.
D082,114,official,BBC Studios official image,https://www.doctorwho.tv/characters/daleks,https://cms.doctorwho.tv//sites/default/files/2022-03/Into%20the%20Dalek%20V2%20-%20446x666_1.jpg,446,666,65086f7147b7dadb7d1bbe484ff59e8deac012863c62361113f159163f14d416,fc73e7cfb450eb1f241ca36d5e5867fcf47f8404709dc9bb6bd480c9479501fe,5cb0fe78f8d8f8c8b3c6a7c6a793c993c9e3c7a783878d9383333493258b0c3b,2026-09-12,Visual inspection of labeled contact sheet; official auction images also inspected individually at 1920 x 1080,Official damaged bronze Dalek has exposed wires and missing trim that mark it as damaged.,Keep wires and actuator bodies hidden on the normal finished robot.
D083,119,official,BBC Studios official image,https://www.doctorwho.tv/characters/daleks,https://cms.doctorwho.tv//sites/default/files/2022-03/Resolution%20-%20446x666.jpg,446,666,fba82f4002eeb1a37a601575e5ea3de9f969cc47d06b632e754ae85de73a8f7c,bb3f4cc5c316865b0a3593a148b9187d1ef2fb79e11b3f278801b79393b37b3c,c29072604281c6c11ec116e114c03b804f241f383db16f20dbb1bb914b9839cc,2026-09-12,Visual inspection of labeled contact sheet; official auction images also inspected individually at 1920 x 1080,"Official reconnaissance variant has rough plates, a narrower body and much larger exposed details.",Do not mix its rough exposed mechanism style into the classic bronze build.
D084,120,official,BBC Studios official image,https://www.doctorwho.tv/characters/daleks,https://cms.doctorwho.tv//sites/default/files/2022-03/Revolution%20of%20the%20Daleks%20-%20446x666_0.jpg,446,666,4ac290b9a9ea1a1c371b7296936ab250dc79c87a585eeade9293882ca8acbdeb,09d866b960d8c9d5842b5553a06dc2b1d835bbec9ddeb7e18ef03506041b8878,d86c9076c07e007e008e8c96859e041f1603258b0b350225216f31cf18e7073f,2026-09-12,Visual inspection of labeled contact sheet; official auction images also inspected individually at 1920 x 1080,Official defence-drone variant uses dark angular shoulders and luminous cyan bands.,Exclude cyan light bands and angular replacement styling from this bronze revision.
D085,123,official,BBC Studios official image,https://www.doctorwho.tv/characters/daleks,https://cms.doctorwho.tv//sites/default/files/2022-03/EVE%20-%20446x666.jpg,446,666,334d9e59979846635543c1807c6a52c322eeb7d640fcf609a9d11f3fbbcd53ed,af521e2adcec1c611ebab9733e1b4e11cafec34345a8ef663265b3942b293a3c,f300ecc8e178c4dcc86c844e8b2e82b642b789231137113309670ccd0dcf494d,2026-09-12,Visual inspection of labeled contact sheet; official auction images also inspected individually at 1920 x 1080,Official execution Dalek retains bronze cowl and slats but has a multi-barrel gun.,Retain the requested classic cage emitter rather than adding unrelated weapon variants.
D086,127,official,BBC Studios official image,https://www.doctorwho.tv/characters/daleks,https://cms.doctorwho.tv//sites/default/files/2024-12/Website_Thumbnail_dalek-0b981cb219.jpg,1920,850,01f126be32d244baa7ab30e140d309c1e51bbe082d9d0f4f81a850a39a2e9fed,09f2dd6c6d74c35a2b2ab65022fe3c50f5dd34e5848e465babebcc34fd24dedc,ce23c623d66b82cfcecbce4bce4b8f4e9f4e834c63c47384638269c33943b340,2026-09-12,Visual inspection of labeled contact sheet; official auction images also inspected individually at 1920 x 1080,Official bronze side view shows long gold side slats and narrow pale eyestalk discs.,Carry side detailing around the full shoulder circumference.
D087,133,bbc-design-history,BBC America; photographs credited BBC,https://www.bbcamerica.com/blogs/doctor-who-gallery-the-evolution-of-dalek-design--1015666,https://images.amcnetworks.com/bbcamerica.com/wp-content/uploads/2015/11/Revolution-Daleks-1920x1080-1.jpg,1920,1080,93daa13fd6cb339ea33f42e4045b9b3d521a3434ddceac3966ab978f7bfbdbaf,ef06e8c1b9415878abc66a16c45b022f469d3dfd486342eb65cfefcb6af4c64a,2f4c3e6c127c377c333d3314971596361636560c6a28fb28ce28ce288e246e8c,2026-09-12,Visual inspection of labeled contact sheet; official auction images also inspected individually at 1920 x 1080,BBC defence-drone photo shows a claw and cyan neck lighting over dark faceted armor.,Use this as a contrast reference; keep the chosen plunger and bronze palette.
D088,134,bbc-design-history,BBC America; photographs credited BBC,https://www.bbcamerica.com/blogs/doctor-who-gallery-the-evolution-of-dalek-design--1015666,https://images.amcnetworks.com/bbcamerica.com/wp-content/uploads/2015/11/Mark-1-Daleks-1920x1080-1.jpg,1920,1080,20d803c4a5bd56fff247d10f01ce00959f330da1e92a2189940f6529cafb417f,4d071a177767ca164f9af03b390b457cffe97284eb10a2b60d6224221ade92fd,e7607762e76ad758321bfa9bd8c8da18f90aed18ee206e1876487650e6127e12,2026-09-12,Visual inspection of labeled contact sheet; official auction images also inspected individually at 1920 x 1080,"BBC early-story scene shows ball sockets, plain bands and a broad taper on two Daleks.",Keep hidden actuation consistent with the longstanding external socket design.
D089,135,bbc-design-history,BBC America; photographs credited BBC,https://www.bbcamerica.com/blogs/doctor-who-gallery-the-evolution-of-dalek-design--1015666,https://images.amcnetworks.com/bbcamerica.com/wp-content/uploads/2015/11/Mark-2-Daleks-1920x1080-1.jpg,1920,1080,abeec63f55d37cf130825388fcfea2c4b8706d8585fba9b3d5b35b841ab3b3a6,4b9534599b7c95b28982d0ddae001e7055252486ccb1dc26d7f73ad06c15d39c,a4c090c210c2ccd38cc3cc8a2b9aa8bee1bbf30c399819945990d8b818f078f2,2026-09-12,Visual inspection of labeled contact sheet; official auction images also inspected individually at 1920 x 1080,BBC bridge scene shows several Daleks with substantial fenders that hide their wheels.,Conceal the four wheels behind a continuous lower skirt in normal exterior views.
D090,136,bbc-design-history,BBC America; photographs credited BBC,https://www.bbcamerica.com/blogs/doctor-who-gallery-the-evolution-of-dalek-design--1015666,https://images.amcnetworks.com/bbcamerica.com/wp-content/uploads/2015/11/Mark-3-Daleks-1920x1080-1.jpg,1920,1080,6c8a74076972cdb4f42d54841d25911eb39b947a530649c3e2a27ca2fbc22453,5343dd16e6b353c61efc83dba41228fb3e42966085a3422ab844e24b79185e55,1bd71b472143617362734a674cf360735471d0f1f4f1c4e3f4e1c0e1c661a289,2026-09-12,Visual inspection of labeled contact sheet; official auction images also inspected individually at 1920 x 1080,BBC classic cave scene shows vertical shoulder slats and orderly dark bump rows.,Repeated large details matter more than small decorative scratches.
D091,137,bbc-design-history,BBC America; photographs credited BBC,https://www.bbcamerica.com/blogs/doctor-who-gallery-the-evolution-of-dalek-design--1015666,https://images.amcnetworks.com/bbcamerica.com/wp-content/uploads/2015/11/Resurrection-Daleks-1920x1080-1.jpg,1920,1080,593474cfaf661805451fc9cb1bd8af44335f29f6949cf896ef0de301d5269a10,9d5bd820556f51a0deac98eb62b63d6434d37cbe969e417008af6671c774804b,6623733313329d129c9b9dab9c3d94ac152e35263526352637263e0e3f0e1f06,2026-09-12,Visual inspection of labeled contact sheet; official auction images also inspected individually at 1920 x 1080,"BBC gray-prop publicity photo shows dark fenders, bright neck rings and contrasting hemispheres.","Use clear value contrast between body, trim and recesses."
D092,138,bbc-design-history,BBC America; photographs credited BBC,https://www.bbcamerica.com/blogs/doctor-who-gallery-the-evolution-of-dalek-design--1015666,https://images.amcnetworks.com/bbcamerica.com/wp-content/uploads/2015/11/Necros-Daleks-1920x1080-1.jpg,1920,1080,eb0a28c488a2e4b0fea66c8c6fcc74d2d0c14991376e35d42661781211fd3441,9f510001aa8c087624b70a60a495031d8009fe6187403c518af5de61f43b966c,f673f672f672727672264f2877306688669892bc9a9a1318c318e318c1988110,2026-09-12,Visual inspection of labeled contact sheet; official auction images also inspected individually at 1920 x 1080,BBC cream-and-gold prop image shows the familiar neck and appendage layout in another finish.,Maintain the established body hierarchy while retaining the selected bronze scheme.
D093,139,bbc-design-history,BBC America; photographs credited BBC,https://www.bbcamerica.com/blogs/doctor-who-gallery-the-evolution-of-dalek-design--1015666,https://images.amcnetworks.com/bbcamerica.com/wp-content/uploads/2015/11/Special-Weapons-Dalek.jpg,1920,1080,75f330021a475626b3dce5fb87612a24d72ed7e6a21285ae7139b1c545b0f0e1,9b4df8c5f264cb03cccd8a008a17a36f00a1fb87717cf68912d70df1baa8543c,cef09e6c8d3c8f788d3e998b3145418c420c066284618563c4c3a49b463b423b,2026-09-12,Visual inspection of labeled contact sheet; official auction images also inspected individually at 1920 x 1080,BBC special-weapons comparison photo shows the variant replacing normal head and arms with a large cannon.,Exclude special-weapons proportions from the requested two-arm robot.
D094,140,bbc-design-history,BBC America; photographs credited BBC,https://www.bbcamerica.com/blogs/doctor-who-gallery-the-evolution-of-dalek-design--1015666,https://images.amcnetworks.com/bbcamerica.com/wp-content/uploads/2015/11/Time-War-Daleks.jpg,1920,1080,484fec611d3a9bd14c35e5c7823aa5e2f12aa00f42c86607745f67218eb1d176,c080d7d21799320e114a74495048e48336b3f197a5da1ae5b08b1f21f46d4990,7f0fbf1fbf3cbcfebcfeb4eeb4eeb1eeb1eeb26eb62ab72ab32aa63ae768f238,2026-09-12,Visual inspection of labeled contact sheet; official auction images also inspected individually at 1920 x 1080,BBC damaged bronze full view shows the continuous fender beneath four vertical bump rows.,Use its intact silhouette as reference while omitting battle-damage openings.
D095,142,bbc-design-history,BBC America; photographs credited BBC,https://www.bbcamerica.com/blogs/doctor-who-gallery-the-evolution-of-dalek-design--1015666,https://images.amcnetworks.com/bbcamerica.com/wp-content/uploads/2015/11/Jammie-Dodger-Daleks.jpg,1920,1080,9c8bcf9862b796275df3dbc904c87fa33774b5503aa7e9a873bc188ac8405f6f,d3b5ba4c89622487c1538306bf3fb4647f1f117c2dd9d6220876f2c9d5de656c,b0d6f1c5f59d459797956cb5c935c937c9a7d9a7d86db8cdb8ced9e6d9c089c0,2026-09-12,Visual inspection of labeled contact sheet; official auction images also inspected individually at 1920 x 1080,"BBC Paradigm lineup has bright colors, taller bodies and altered shoulder masses.",Avoid the taller plastic-like Paradigm profile for this classic bronze design.
D096,143,bbc-design-history,BBC America; photographs credited BBC,https://www.bbcamerica.com/blogs/doctor-who-gallery-the-evolution-of-dalek-design--1015666,https://images.amcnetworks.com/bbcamerica.com/wp-content/uploads/2015/11/Built-Itself-Dalek.jpg,1920,1080,25f8fb374f3ad2043d9c755b449179c3f828c7b962d8843db12f995573338463,5c64f845f9692fdd30de98a494b4d3b489e9ce8faf4737f203b6b1ed6641512e,1edc4c34f13d639652d758d559965d965c9658b6d8f6daf71ab309b31c337873,2026-09-12,Visual inspection of labeled contact sheet; official auction images also inspected individually at 1920 x 1080,BBC reconnaissance scene retains the eyestalk and bumps but uses a visibly rough narrow shell.,Keep the smoother bronze shell and concealed mechanisms of the selected appearance.
D097,145,original-prop,Primary owner photograph,https://www.thepropgallery.com/original-dalek,https://www.thepropgallery.com/media/wysiwyg/dalek50th2.jpg,1600,1193,3976abe34e71b3b231c19673e27268f3cff626025434e345fddce78c71039e82,8108ebf826699a9a7aa49c341fede057567b9a2456b19b396f80a3ef2a687853,fe187c1c7c8e7c8e7caefc2e682e704e1923c923e333f313f313f107f303f203,2026-09-12,Visual inspection of labeled contact sheet; official auction images also inspected individually at 1920 x 1080,"Restored original prop close-up clearly shows ball sockets, thin cage rods and neck mesh.",A smooth socket conceals the joint while leaving the intended arm shape visible.
D098,148,official-bronze-auction,BBC Studios / Propstore official auction photograph,https://www.doctorwho.tv/news-and-features/here-is-every-item-available-in-the-doctor-who-auction,https://cms.doctorwho.tv/sites/default/files/2026-02/dwtv-gallery-module-watermark-5w9a6572-c48bd2cc2f.jpg,1920,1080,e3067c6e5e8c79659617b477643da10722f3147f054ea358a30ef24a59364309,0c4e29e3b2788ee87ae252c5b4e5dd1cb9e17dee6a3338d00a30320bcdd97899,be7ca4b5778977a277e274e2f1ead1ead9e8d968d6ccf4ac6ecc624cc34ccbcc,2026-09-12,Visual inspection of labeled contact sheet; official auction images also inspected individually at 1920 x 1080,"Official auction front close-up shows deeply recessed slats, inset grille, triangular socket recesses and dark ball pivots.",Prioritize these durable details; keep all servo cases behind the shoulder.
D099,149,official-bronze-auction,BBC Studios / Propstore official auction photograph,https://www.doctorwho.tv/news-and-features/here-is-every-item-available-in-the-doctor-who-auction,https://cms.doctorwho.tv/sites/default/files/2026-02/dwtv-gallery-module-watermark-5w9a6592-560d367d1e.jpg,1920,1080,00b7af8a08d67ebd47c6156cafc0231f2b28fa0e5654e1b5a2114837ea44e0aa,df7938030fff54de8021e7d6a7a75b9a8cb94ecc2ba28a37efa22e852a9d895c,095261f4675267ca64cb42db44d956d173f163f1c3f1f1b1f1b9a1b1ddf89cf8,2026-09-12,Visual inspection of labeled contact sheet; official auction images also inspected individually at 1920 x 1080,"Official auction side view shows long gold slats, black hemisphere rings and panel grooves on the dome.",Continue details around the side and use shallow integral grooves.
D100,150,official-bronze-auction,BBC Studios / Propstore official auction photograph,https://www.doctorwho.tv/news-and-features/here-is-every-item-available-in-the-doctor-who-auction,https://cms.doctorwho.tv/sites/default/files/2026-02/dwtv-gallery-module-watermark-502a2980-18d60c7987.jpg,1920,1080,b4f1d57f200be55d2f988aa6e4468da4492ee8b1d13626e787321a0d928effa5,b22e47b74bc26bb27ea739dbe69fa084074280b772bd3c67a57d60734fa1512e,a33bc29d66cce178f518f558dcc8de48de0ccc4ee84cee2cce06c84cca2c9f04,2026-09-12,Visual inspection of labeled contact sheet; official auction images also inspected individually at 1920 x 1080,Official auction eye close-up shows concentric black lens rings and two angled ribbed lamp covers.,Add concentric lens relief and lamp ribbing without extra STL designs.
